-0.0566482487348025,-0.0566482487348025,0.0566482487348025,0,-0.0566482487348025,1,1
-0.0568133504841076,-0.0568133504841076,0.0568133504841076,0,-0.0568133504841076,1,1
-0.056831491014971,-0.056831491014971,0.056831491014971,0,-0.056831491014971,1,1
-0.0568397076270974,-0.0568397076270974,0.0568397076270974,0,-0.0568397076270974,1,1
-0.0568481519234551,-0.0568481519234551,0.0568481519234551,0,-0.0568481519234551,1,1
-0.056856451142969,-0.056856451142969,0.056856451142969,0,-0.056856451142969,1,1
0.443134891454144,0.443134891454144,0.443134891454144,0,0.443134891454144,1,1
-0.0568727493239772,-0.0568727493239772,0.0568727493239772,0,-0.0568727493239772,1,1
-0.0568735083610333,-0.0568735083610333,0.0568735083610333,0,-0.0568735083610333,1,1
0.443111487954729,0.443111487954729,0.443111487954729,0,0.443111487954729,1,1
-0.0568930509983984,-0.0568930509983984,0.0568930509983984,0,-0.0568930509983984,1,1
-0.0569038096849535,-0.0569038096849535,0.0569038096849535,0,-0.0569038096849535,1,1
-0.0568879511358941,-0.0568879511358941,0.0568879511358941,0,-0.0568879511358941,1,1
0.443080289707207,0.443080289707207,0.443080289707207,0,0.443080289707207,1,1
-0.056919149228777,-0.056919149228777,0.056919149228777,0,-0.056919149228777,1,1
-0.0569351509493917,-0.0569351509493917,0.0569351509493917,0,-0.0569351509493917,1,1
-0.0569307099228868,-0.0569307099228868,0.0569307099228868,0,-0.0569307099228868,1,1
-0.0569450511062501,-0.0569450511062501,0.0569450511062501,0,-0.0569450511062501,1,1
0.443041283703324,0.443041283703324,0.443041283703324,0,0.443041283703324,1,1
-0.0569544917293245,-0.0569544917293245,0.0569544917293245,0,-0.0569544917293245,1,1
0.44302568822615,0.44302568822615,0.44302568822615,0,0.44302568822615,1,1
-0.0569193505787227,-0.0569193505787227,0.0569193505787227,0,-0.0569193505787227,1,1
-0.0569731071285083,-0.0569731071285083,0.0569731071285083,0,-0.0569731071285083,1,1
0.443002393644765,0.443002393644765,0.443002393644765,0,0.443002393644765,1,1
-0.0569988509988521,-0.0569988509988521,0.0569988509988521,0,-0.0569988509988521,1,1
-0.0570130504953824,-0.0570130504953824,0.0570130504953824,0,-0.0570130504953824,1,1
-0.0569892870312377,-0.0569892870312377,0.0569892870312377,0,-0.0569892870312377,1,1
-0.0569753507816526,-0.0569753507816526,0.0569753507816526,0,-0.0569753507816526,1,1
-0.0570341495404144,-0.0570341495404144,0.0570341495404144,0,-0.0570341495404144,1,1
-0.0570359055903292,-0.0570359055903292,0.0570359055903292,0,-0.0570359055903292,1,1
-0.0570453494798533,-0.0570453494798533,0.0570453494798533,0,-0.0570453494798533,1,1
-0.0569912499343352,-0.0569912499343352,0.0569912499343352,0,-0.0569912499343352,1,1
0.442932193270334,0.442932193270334,0.442932193270334,0,0.442932193270334,1,1
-0.0570730504425386,-0.0570730504425386,0.0570730504425386,0,-0.0570730504425386,1,1
0.442916590277983,0.442916590277983,0.442916590277983,0,0.442916590277983,1,1
-0.0570909499758879,-0.0570909499758879,0.0570909499758879,0,-0.0570909499758879,1,1
-0.0570972951506103,-0.0570972951506103,0.0570972951506103,0,-0.0570972951506103,1,1
0.442893292791217,0.442893292791217,0.442893292791217,0,0.442893292791217,1,1
-0.057025885463286,-0.057025885463286,0.057025885463286,0,-0.057025885463286,1,1
0.442877689605687,0.442877689605687,0.442877689605687,0,0.442877689605687,1,1
-0.0568654848619726,-0.0568654848619726,0.0568654848619726,0,-0.0568654848619726,1,1
-0.0570850505739955,-0.0570850505739955,0.0570850505739955,0,-0.0570850505739955,1,1
-0.0571365528553051,-0.0571365528553051,0.0571365528553051,0,-0.0571365528553051,1,1
-0.0571527506013759,-0.0571527506013759,0.0571527506013759,0,-0.0571527506013759,1,1
-0.0571574990637925,-0.0571574990637925,0.0571574990637925,0,-0.0571574990637925,1,1
-0.0571614500986712,-0.0571614500986712,0.0571614500986712,0,-0.0571614500986712,1,1
0.442823089360178,0.442823089360178,0.442823089360178,0,0.442823089360178,1,1
-0.0571783503579351,-0.0571783503579351,0.0571783503579351,0,-0.0571783503579351,1,1
0.442807487277836,0.442807487277836,0.442807487277836,0,0.442807487277836,1,1
-0.0571840512814101,-0.0571840512814101,0.0571840512814101,0,-0.0571840512814101,1,1
0.4427918883497,0.4427918883497,0.4427918883497,0,0.4427918883497,1,1
-0.0572112497680631,-0.0572112497680631,0.0572112497680631,0,-0.0572112497680631,1,1
-0.0572188514431236,-0.0572188514431236,0.0572188514431236,0,-0.0572188514431236,1,1
-0.0572285505191342,-0.0572285505191342,0.0572285505191342,0,-0.0572285505191342,1,1
-0.0572334509703894,-0.0572334509703894,0.0572334509703894,0,-0.0572334509703894,1,1
-0.0572374967996279,-0.0572374967996279,0.0572374967996279,0,-0.0572374967996279,1,1
-0.0572286127303571,-0.0572286127303571,0.0572286127303571,0,-0.0572286127303571,1,1
-0.0572405515668262,-0.0572405515668262,0.0572405515668262,0,-0.0572405515668262,1,1
-0.0572658495800294,-0.0572658495800294,0.0572658495800294,0,-0.0572658495800294,1,1
-0.0572750027603655,-0.0572750027603655,0.0572750027603655,0,-0.0572750027603655,1,1
-0.0572791176047741,-0.0572791176047741,0.0572791176047741,0,-0.0572791176047741,1,1
0.442706089090218,0.442706089090218,0.442706089090218,0,0.442706089090218,1,1
-0.0572399986580191,-0.0572399986580191,0.0572399986580191,0,-0.0572399986580191,1,1
-0.0573009026252728,-0.0573009026252728,0.0573009026252728,0,-0.0573009026252728,1,1
-0.0573170857746539,-0.0573170857746539,0.0573170857746539,0,-0.0573170857746539,1,1
-0.0573168010596094,-0.0573168010596094,0.0573168010596094,0,-0.0573168010596094,1,1
-0.0572943519478644,-0.0572943519478644,0.0572943519478644,0,-0.0572943519478644,1,1
-0.0573238487691269,-0.0573238487691269,0.0573238487691269,0,-0.0573238487691269,1,1
-0.0573028992287008,-0.0573028992287008,0.0573028992287008,0,-0.0573028992287008,1,1
-0.0573547517111506,-0.0573547517111506,0.0573547517111506,0,-0.0573547517111506,1,1
0.442635689616219,0.442635689616219,0.442635689616219,0,0.442635689616219,1,1
-0.0572138497287662,-0.0572138497287662,0.0572138497287662,0,-0.0572138497287662,1,1
-0.0573787845399796,-0.0573787845399796,0.0573787845399796,0,-0.0573787845399796,1,1
-0.0573835936470815,-0.0573835936470815,0.0573835936470815,0,-0.0573835936470815,1,1
-0.0224858891397043,-0.0224858891397043,0.0224858891397043,0,-0.0224858891397043,1,1
-0.0573313519016306,-0.0573313519016306,0.0573313519016306,0,-0.0573313519016306,1,1
-0.0574046873159068,-0.0574046873159068,0.0574046873159068,0,-0.0574046873159068,1,1
-0.0574169975211576,-0.0574169975211576,0.0574169975211576,0,-0.0574169975211576,1,1
-0.0574218507382885,-0.0574218507382885,0.0574218507382885,0,-0.0574218507382885,1,1
0.442565293027125,0.442565293027125,0.442565293027125,0,0.442565293027125,1,1
-0.0573406991704529,-0.0573406991704529,0.0573406991704529,0,-0.0573406991704529,1,1
-0.0574042525409663,-0.0574042525409663,0.0574042525409663,0,-0.0574042525409663,1,1
0.442541789097344,0.442541789097344,0.442541789097344,0,0.442541789097344,1,1
-0.0572841517116721,-0.0572841517116721,0.0572841517116721,0,-0.0572841517116721,1,1
-0.0574593495764885,-0.0574593495764885,0.0574593495764885,0,-0.0574593495764885,1,1
-0.0574526998552547,-0.0574526998552547,0.0574526998552547,0,-0.0574526998552547,1,1
-0.0574774510286905,-0.0574774510286905,0.0574774510286905,0,-0.0574774510286905,1,1
0.442502687870663,0.442502687870663,0.442502687870663,0,0.442502687870663,1,1
-0.0575041077016555,-0.0575041077016555,0.0575041077016555,0,-0.0575041077016555,1,1
-0.0575070958187208,-0.0575070958187208,0.0575070958187208,0,-0.0575070958187208,1,1
-0.0575168507126173,-0.0575168507126173,0.0575168507126173,0,-0.0575168507126173,1,1
-0.0575269498854922,-0.0575269498854922,0.0575269498854922,0,-0.0575269498854922,1,1
-0.0575300509697793,-0.0575300509697793,0.0575300509697793,0,-0.0575300509697793,1,1
-0.0575435500812037,-0.0575435500812037,0.0575435500812037,0,-0.0575435500812037,1,1
-0.0575179026151424,-0.0575179026151424,0.0575179026151424,0,-0.0575179026151424,1,1
-0.0575515906634744,-0.0575515906634744,0.0575515906634744,0,-0.0575515906634744,1,1
-0.0575624505386533,-0.0575624505386533,0.0575624505386533,0,-0.0575624505386533,1,1
0.442424287797681,0.442424287797681,0.442424287797681,0,0.442424287797681,1,1
0.442416484894858,0.442416484894858,0.442416484894858,0,0.442416484894858,1,1
-0.0575780060232747,-0.0575780060232747,0.0575780060232747,0,-0.0575780060232747,1,1
-0.0575823527188346,-0.0575823527188346,0.0575823527188346,0,-0.0575823527188346,1,1
-0.0576052503563582,-0.0576052503563582,0.0576052503563582,0,-0.0576052503563582,1,1
-0.0576013476702947,-0.0576013476702947,0.0576013476702947,0,-0.0576013476702947,1,1
-0.057620250686358,-0.057620250686358,0.057620250686358,0,-0.057620250686358,1,1
-0.057623949884178,-0.057623949884178,0.057623949884178,0,-0.057623949884178,1,1
0.442361588202494,0.442361588202494,0.442361588202494,0,0.442361588202494,1,1
0.442353688842603,0.442353688842603,0.442353688842603,0,0.442353688842603,1,1
0.442345890368154,0.442345890368154,0.442345890368154,0,0.442345890368154,1,1
-0.0574681498302997,-0.0574681498302997,0.0574681498302997,0,-0.0574681498302997,1,1
-0.0576575500660614,-0.0576575500660614,0.0576575500660614,0,-0.0576575500660614,1,1
-0.0576751506088287,-0.0576751506088287,0.0576751506088287,0,-0.0576751506088287,1,1
-0.0574723504073992,-0.0574723504073992,0.0574723504073992,0,-0.0574723504073992,1,1
-0.0576778117834911,-0.0576778117834911,0.0576778117834911,0,-0.0576778117834911,1,1
-0.0576833988566489,-0.0576833988566489,0.0576833988566489,0,-0.0576833988566489,1,1
0.442290986802055,0.442290986802055,0.442290986802055,0,0.442290986802055,1,1
0.442283087758273,0.442283087758273,0.442283087758273,0,0.442283087758273,1,1
-0.0577213509088667,-0.0577213509088667,0.0577213509088667,0,-0.0577213509088667,1,1
-0.0577106507642672,-0.0577106507642672,0.0577106507642672,0,-0.0577106507642672,1,1
-0.0575907875880063,-0.0575907875880063,0.0575907875880063,0,-0.0575907875880063,1,1
-0.0576962031748612,-0.0576962031748612,0.0576962031748612,0,-0.0576962031748612,1,1
-0.0577440508296986,-0.0577440508296986,0.0577440508296986,0,-0.0577440508296986,1,1
-0.0577210869698033,-0.0577210869698033,0.0577210869698033,0,-0.0577210869698033,1,1
-0.0577677509585934,-0.0577677509585934,0.0577677509585934,0,-0.0577677509585934,1,1
-0.0577756019778682,-0.0577756019778682,0.0577756019778682,0,-0.0577756019778682,1,1
-0.0577494969259639,-0.0577494969259639,0.0577494969259639,0,-0.0577494969259639,1,1
-0.0577906500405209,-0.0577906500405209,0.0577906500405209,0,-0.0577906500405209,1,1
-0.0578018509871512,-0.0578018509871512,0.0578018509871512,0,-0.0578018509871512,1,1
-0.057808750101026,-0.057808750101026,0.057808750101026,0,-0.057808750101026,1,1
-0.0578161506814114,-0.0578161506814114,0.0578161506814114,0,-0.0578161506814114,1,1
-0.0578204451228788,-0.0578204451228788,0.0578204451228788,0,-0.0578204451228788,1,1
-0.0578105891224767,-0.0578105891224767,0.0578105891224767,0,-0.0578105891224767,1,1
0.442157388467407,0.442157388467407,0.442157388467407,0,0.442157388467407,1,1
0.442149581183606,0.442149581183606,0.442149581183606,0,0.442149581183606,1,1
0.442141691702712,0.442141691702712,0.442141691702712,0,0.442141691702712,1,1
-0.0578625485291065,-0.0578625485291065,0.0578625485291065,0,-0.0578625485291065,1,1
-0.0578717804789015,-0.0578717804789015,0.0578717804789015,0,-0.0578717804789015,1,1
-0.0578794506197264,-0.0578794506197264,0.0578794506197264,0,-0.0578794506197264,1,1
-0.0578412948309513,-0.0578412948309513,0.0578412948309513,0,-0.0578412948309513,1,1
-0.0577834917516093,-0.0577834917516093,0.0577834917516093,0,-0.0577834917516093,1,1
-0.0578890979449861,-0.0578890979449861,0.0578890979449861,0,-0.0578890979449861,1,1
-0.0579113059207147,-0.0579113059207147,0.0579113059207147,0,-0.0579113059207147,1,1
0.442078788377011,0.442078788377011,0.442078788377011,0,0.442078788377011,1,1
-0.0579288503522897,-0.0579288503522897,0.0579288503522897,0,-0.0579288503522897,1,1
-0.0579283525200918,-0.0579283525200918,0.0579283525200918,0,-0.0579283525200918,1,1
-0.0579401516163518,-0.0579401516163518,0.0579401516163518,0,-0.0579401516163518,1,1
-0.0578780501011315,-0.0578780501011315,0.0578780501011315,0,-0.0578780501011315,1,1
-0.0579445975385771,-0.0579445975385771,0.0579445975385771,0,-0.0579445975385771,1,1
-0.0577534514096595,-0.0577534514096595,0.0577534514096595,0,-0.0577534514096595,1,1
0.442023691264088,0.442023691264088,0.442023691264088,0,0.442023691264088,1,1
-0.0579735989462346,-0.0579735989462346,0.0579735989462346,0,-0.0579735989462346,1,1
-0.0579164979862321,-0.0579164979862321,0.0579164979862321,0,-0.0579164979862321,1,1
-0.0579981503974047,-0.0579981503974047,0.0579981503974047,0,-0.0579981503974047,1,1
0.441992087217869,0.441992087217869,0.441992087217869,0,0.441992087217869,1,1
-0.0580079505112642,-0.0580079505112642,0.0580079505112642,0,-0.0580079505112642,1,1
-0.0579895512373255,-0.0579895512373255,0.0579895512373255,0,-0.0579895512373255,1,1
-0.0580292492965767,-0.0580292492965767,0.0580292492965767,0,-0.0580292492965767,1,1
0.441960487411401,0.441960487411401,0.441960487411401,0,0.441960487411401,1,1
-0.0580440510205646,-0.0580440510205646,0.0580440510205646,0,-0.0580440510205646,1,1
-0.0579803958601434,-0.0579803958601434,0.0579803958601434,0,-0.0579803958601434,1,1
-0.0580549508477435,-0.0580549508477435,0.0580549508477435,0,-0.0580549508477435,1,1
-0.0580645498190533,-0.0580645498190533,0.0580645498190533,0,-0.0580645498190533,1,1
-0.057815697885114,-0.057815697885114,0.057815697885114,0,-0.057815697885114,1,1
-0.0579908982475481,-0.0579908982475481,0.0579908982475481,0,-0.0579908982475481,1,1
-0.0544706529429954,-0.0544706529429954,0.0544706529429954,0,-0.0544706529429954,1,1
-0.0580934119958841,-0.0580934119958841,0.0580934119958841,0,-0.0580934119958841,1,1
-0.0581084520333822,-0.0581084520333822,0.0581084520333822,0,-0.0581084520333822,1,1
0.441881579307176,0.441881579307176,0.441881579307176,0,0.441881579307176,1,1
-0.0581234498999554,-0.0581234498999554,0.0581234498999554,0,-0.0581234498999554,1,1
-0.0581137487378059,-0.0581137487378059,0.0581137487378059,0,-0.0581137487378059,1,1
0.441857808456788,0.441857808456788,0.441857808456788,0,0.441857808456788,1,1
-0.0581310511459311,-0.0581310511459311,0.0581310511459311,0,-0.0581310511459311,1,1
-0.058053297269948,-0.058053297269948,0.058053297269948,0,-0.058053297269948,1,1
0.441834188951403,0.441834188951403,0.441834188951403,0,0.441834188951403,1,1
-0.0581733514680968,-0.0581733514680968,0.0581733514680968,0,-0.0581733514680968,1,1
-0.0579679503689797,-0.0579679503689797,0.0579679503689797,0,-0.0579679503689797,1,1
-0.0581875024578782,-0.0581875024578782,0.0581875024578782,0,-0.0581875024578782,1,1
-0.0581943521428493,-0.0581943521428493,0.0581943521428493,0,-0.0581943521428493,1,1
-0.0581756830071053,-0.0581756830071053,0.0581756830071053,0,-0.0581756830071053,1,1
0.441786688621882,0.441786688621882,0.441786688621882,0,0.441786688621882,1,1
-0.0582011498868606,-0.0582011498868606,0.0582011498868606,0,-0.0582011498868606,1,1
-0.0582257090975001,-0.0582257090975001,0.0582257090975001,0,-0.0582257090975001,1,1
-0.0582260044383391,-0.0582260044383391,0.0582260044383391,0,-0.0582260044383391,1,1
0.441755089296066,0.441755089296066,0.441755089296066,0,0.441755089296066,1,1
-0.0582479927047297,-0.0582479927047297,0.0582479927047297,0,-0.0582479927047297,1,1
-0.0582530510199291,-0.0582530510199291,0.0582530510199291,0,-0.0582530510199291,1,1
-0.0582662512156397,-0.0582662512156397,0.0582662512156397,0,-0.0582662512156397,1,1
-0.0582731509171222,-0.0582731509171222,0.0582731509171222,0,-0.0582731509171222,1,1
-0.0582688509582655,-0.0582688509582655,0.0582688509582655,0,-0.0582688509582655,1,1
-0.0582915517594189,-0.0582915517594189,0.0582915517594189,0,-0.0582915517594189,1,1
-0.0582508476881908,-0.0582508476881908,0.0582508476881908,0,-0.0582508476881908,1,1
-0.0583049985783129,-0.0583049985783129,0.0583049985783129,0,-0.0583049985783129,1,1
-0.0582990995603573,-0.0582990995603573,0.0582990995603573,0,-0.0582990995603573,1,1
-0.0582580501764083,-0.0582580501764083,0.0582580501764083,0,-0.0582580501764083,1,1
-0.0583295519331554,-0.0583295519331554,0.0583295519331554,0,-0.0583295519331554,1,1
-0.0582402975859163,-0.0582402975859163,0.0582402975859163,0,-0.0582402975859163,1,1
-0.058261395698138,-0.058261395698138,0.058261395698138,0,-0.058261395698138,1,1
-0.0583522015222349,-0.0583522015222349,0.0583522015222349,0,-0.0583522015222349,1,1
-0.058305950651175,-0.058305950651175,0.058305950651175,0,-0.058305950651175,1,1
-0.0581571902001452,-0.0581571902001452,0.0581571902001452,0,-0.0581571902001452,1,1
-0.058374396051283,-0.058374396051283,0.058374396051283,0,-0.058374396051283,1,1
-0.0583510523308306,-0.0583510523308306,0.0583510523308306,0,-0.0583510523308306,1,1
-0.0583836510854676,-0.0583836510854676,0.0583836510854676,0,-0.0583836510854676,1,1
-0.0583765508180418,-0.0583765508180418,0.0583765508180418,0,-0.0583765508180418,1,1
-0.0583626899116627,-0.0583626899116627,0.0583626899116627,0,-0.0583626899116627,1,1
-0.0584109501768275,-0.0584109501768275,0.0584109501768275,0,-0.0584109501768275,1,1
-0.0584063091382811,-0.0584063091382811,0.0584063091382811,0,-0.0584063091382811,1,1
-0.0584331039756782,-0.0584331039756782,0.0584331039756782,0,-0.0584331039756782,1,1
-0.0584363508451464,-0.0584363508451464,0.0584363508451464,0,-0.0584363508451464,1,1
-0.0584307009369754,-0.0584307009369754,0.0584307009369754,0,-0.0584307009369754,1,1
-0.0584539511987231,-0.0584539511987231,0.0584539511987231,0,-0.0584539511987231,1,1
-0.058460493617303,-0.058460493617303,0.058460493617303,0,-0.058460493617303,1,1
-0.0584653089522835,-0.0584653089522835,0.0584653089522835,0,-0.0584653089522835,1,1
-0.0584722192369585,-0.0584722192369585,0.0584722192369585,0,-0.0584722192369585,1,1
-0.0584841501612796,-0.0584841501612796,0.0584841501612796,0,-0.0584841501612796,1,1
-0.0584886515573181,-0.0584886515573181,0.0584886515573181,0,-0.0584886515573181,1,1
0.441495283890479,0.441495283890479,0.441495283890479,0,0.441495283890479,1,1
0.441487491490167,0.441487491490167,0.441487491490167,0,0.441487491490167,1,1
0.441479588305508,0.441479588305508,0.441479588305508,0,0.441479588305508,1,1
-0.0585203513194663,-0.0585203513194663,0.0585203513194663,0,-0.0585203513194663,1,1
-0.0585222865280379,-0.0585222865280379,0.0585222865280379,0,-0.0585222865280379,1,1
-0.0583737498486504,-0.0583737498486504,0.0583737498486504,0,-0.0583737498486504,1,1
-0.0585442506917663,-0.0585442506917663,0.0585442506917663,0,-0.0585442506917663,1,1
-0.0584680992089479,-0.0584680992089479,0.0584680992089479,0,-0.0584680992089479,1,1
-0.0585574489521241,-0.0585574489521241,0.0585574489521241,0,-0.0585574489521241,1,1
-0.0585671484852749,-0.0585671484852749,0.0585671484852749,0,-0.0585671484852749,1,1
-0.0585699518927187,-0.0585699518927187,0.0585699518927187,0,-0.0585699518927187,1,1
-0.0585829503179832,-0.0585829503179832,0.0585829503179832,0,-0.0585829503179832,1,1
-0.058597996368982,-0.058597996368982,0.058597996368982,0,-0.058597996368982,1,1
-0.0586051516508519,-0.0586051516508519,0.0586051516508519,0,-0.0586051516508519,1,1
-0.0494878197666443,-0.0494878197666443,0.0494878197666443,0,-0.0494878197666443,1,1
-0.0586213506694795,-0.0586213506694795,0.0586213506694795,0,-0.0586213506694795,1,1
-0.0586247992686157,-0.0586247992686157,0.0586247992686157,0,-0.0586247992686157,1,1
-0.0586296504305311,-0.0586296504305311,0.0586296504305311,0,-0.0586296504305311,1,1
-0.0586428511317135,-0.0586428511317135,0.0586428511317135,0,-0.0586428511317135,1,1
-0.0586508934944122,-0.0586508934944122,0.0586508934944122,0,-0.0586508934944122,1,1
-0.0586516503054321,-0.0586516503054321,0.0586516503054321,0,-0.0586516503054321,1,1
-0.0586686495902657,-0.0586686495902657,0.0586686495902657,0,-0.0586686495902657,1,1
-0.0586491838622857,-0.0586491838622857,0.0586491838622857,0,-0.0586491838622857,1,1
-0.0586789538794394,-0.0586789538794394,0.0586789538794394,0,-0.0586789538794394,1,1
-0.058682650265267,-0.058682650265267,0.058682650265267,0,-0.058682650265267,1,1
-0.0586043501938609,-0.0586043501938609,0.0586043501938609,0,-0.0586043501938609,1,1
-0.0586905507287572,-0.0586905507287572,0.0586905507287572,0,-0.0586905507287572,1,1
-0.0586721562598769,-0.0586721562598769,0.0586721562598769,0,-0.0586721562598769,1,1
0.441274887095931,0.441274887095931,0.441274887095931,0,0.441274887095931,1,1
0.44126699059408,0.44126699059408,0.44126699059408,0,0.44126699059408,1,1
0.441259088860081,0.441259088860081,0.441259088860081,0,0.441259088860081,1,1
0.441251192758256,0.441251192758256,0.441251192758256,0,0.441251192758256,1,1
-0.0587487614304646,-0.0587487614304646,0.0587487614304646,0,-0.0587487614304646,1,1
-0.0587619509729479,-0.0587619509729479,0.0587619509729479,0,-0.0587619509729479,1,1
-0.058768608459329,-0.058768608459329,0.058768608459329,0,-0.058768608459329,1,1
-0.0587042822889733,-0.0587042822889733,0.0587042822889733,0,-0.0587042822889733,1,1
-0.0587790130252326,-0.0587790130252326,0.0587790130252326,0,-0.0587790130252326,1,1
-0.0585874014145273,-0.0585874014145273,0.0585874014145273,0,-0.0585874014145273,1,1
-0.0586981922302113,-0.0586981922302113,0.0586981922302113,0,-0.0586981922302113,1,1
0.441188085989947,0.441188085989947,0.441188085989947,0,0.441188085989947,1,1
0.441180188215511,0.441180188215511,0.441180188215511,0,0.441180188215511,1,1
0.441172287471805,0.441172287471805,0.441172287471805,0,0.441172287471805,1,1
0.441164388438186,0.441164388438186,0.441164388438186,0,0.441164388438186,1,1
0.441156588828033,0.441156588828033,0.441156588828033,0,0.441156588828033,1,1
-0.0588505514451905,-0.0588505514451905,0.0588505514451905,0,-0.0588505514451905,1,1
-0.0588560865367447,-0.0588560865367447,0.0588560865367447,0,-0.0588560865367447,1,1
-0.0588601966862343,-0.0588601966862343,0.0588601966862343,0,-0.0588601966862343,1,1
-0.0588623458514269,-0.0588623458514269,0.0588623458514269,0,-0.0588623458514269,1,1
-0.0588683504595345,-0.0588683504595345,0.0588683504595345,0,-0.0588683504595345,1,1
-0.0588847491395267,-0.0588847491395267,0.0588847491395267,0,-0.0588847491395267,1,1
-0.0588961166985941,-0.0588961166985941,0.0588961166985941,0,-0.0588961166985941,1,1
-0.0589059502661959,-0.0589059502661959,0.0589059502661959,0,-0.0589059502661959,1,1
-0.0589111468949887,-0.0589111468949887,0.0589111468949887,0,-0.0589111468949887,1,1
-0.0589127201156738,-0.0589127201156738,0.0589127201156738,0,-0.0589127201156738,1,1
-0.0589196499331022,-0.0589196499331022,0.0589196499331022,0,-0.0589196499331022,1,1
-0.0589211933150753,-0.0589211933150753,0.0589211933150753,0,-0.0589211933150753,1,1
-0.0589351065132933,-0.0589351065132933,0.0589351065132933,0,-0.0589351065132933,1,1
-0.0589405485221466,-0.0589405485221466,0.0589405485221466,0,-0.0589405485221466,1,1
-0.0589587514789442,-0.0589587514789442,0.0589587514789442,0,-0.0589587514789442,1,1
-0.0589164499715993,-0.0589164499715993,0.0589164499715993,0,-0.0589164499715993,1,1
-0.0589766502033373,-0.0589766502033373,0.0589766502033373,0,-0.0589766502033373,1,1
-0.0589788077153783,-0.0589788077153783,0.0589788077153783,0,-0.0589788077153783,1,1
-0.0589064930604453,-0.0589064930604453,0.0589064930604453,0,-0.0589064930604453,1,1
-0.0589987501488095,-0.0589987501488095,0.0589987501488095,0,-0.0589987501488095,1,1
0.440990987682649,0.440990987682649,0.440990987682649,0,0.440990987682649,1,1
0.440983085707384,0.440983085707384,0.440983085707384,0,0.440983085707384,1,1
-0.0589619880954392,-0.0589619880954392,0.0589619880954392,0,-0.0589619880954392,1,1
-0.0590298074076862,-0.0590298074076862,0.0590298074076862,0,-0.0590298074076862,1,1
-0.059032951273859,-0.059032951273859,0.059032951273859,0,-0.059032951273859,1,1
-0.0590417514204163,-0.0590417514204163,0.0590417514204163,0,-0.0590417514204163,1,1
0.440943488310416,0.440943488310416,0.440943488310416,0,0.440943488310416,1,1
-0.0590610508666207,-0.0590610508666207,0.0590610508666207,0,-0.0590610508666207,1,1
-0.0590618502377649,-0.0590618502377649,0.0590618502377649,0,-0.0590618502377649,1,1
-0.0589308505495071,-0.0589308505495071,0.0589308505495071,0,-0.0589308505495071,1,1
-0.0590814068696382,-0.0590814068696382,0.0590814068696382,0,-0.0590814068696382,1,1
-0.0590927890236068,-0.0590927890236068,0.0590927890236068,0,-0.0590927890236068,1,1
-0.0590317880744615,-0.0590317880744615,0.0590317880744615,0,-0.0590317880744615,1,1
-0.0590081895741029,-0.0590081895741029,0.0590081895741029,0,-0.0590081895741029,1,1
0.440880187585616,0.440880187585616,0.440880187585616,0,0.440880187585616,1,1
-0.0591239132308098,-0.0591239132308098,0.0591239132308098,0,-0.0591239132308098,1,1
-0.0591292499322322,-0.0591292499322322,0.0591292499322322,0,-0.0591292499322322,1,1
-0.0591392501583223,-0.0591392501583223,0.0591392501583223,0,-0.0591392501583223,1,1
-0.0591480061608593,-0.0591480061608593,0.0591480061608593,0,-0.0591480061608593,1,1
-0.0591593495682085,-0.0591593495682085,0.0591593495682085,0,-0.0591593495682085,1,1
0.440832586444635,0.440832586444635,0.440832586444635,0,0.440832586444635,1,1
-0.0591620891502763,-0.0591620891502763,0.0591620891502763,0,-0.0591620891502763,1,1
-0.0591801506549272,-0.0591801506549272,0.0591801506549272,0,-0.0591801506549272,1,1
0.440808888119854,0.440808888119854,0.440808888119854,0,0.440808888119854,1,1
0.440800989419955,0.440800989419955,0.440800989419955,0,0.440800989419955,1,1
-0.0592068525452198,-0.0592068525452198,0.0592068525452198,0,-0.0592068525452198,1,1
-0.0592144511687811,-0.0592144511687811,0.0592144511687811,0,-0.0592144511687811,1,1
-0.0592126510636334,-0.0592126510636334,0.0592126510636334,0,-0.0592126510636334,1,1
-0.0592302497519112,-0.0592302497519112,0.0592302497519112,0,-0.0592302497519112,1,1
-0.0592267515723215,-0.0592267515723215,0.0592267515723215,0,-0.0592267515723215,1,1
0.440753391899887,0.440753391899887,0.440753391899887,0,0.440753391899887,1,1
-0.0592334863594398,-0.0592334863594398,0.0592334863594398,0,-0.0592334863594398,1,1
-0.0592581497066543,-0.0592581497066543,0.0592581497066543,0,-0.0592581497066543,1,1
-0.0592700497068063,-0.0592700497068063,0.0592700497068063,0,-0.0592700497068063,1,1
0.440721691223682,0.440721691223682,0.440721691223682,0,0.440721691223682,1,1
-0.0590982495280223,-0.0590982495280223,0.0590982495280223,0,-0.0590982495280223,1,1
-0.0592938518775666,-0.0592938518775666,0.0592938518775666,0,-0.0592938518775666,1,1
0.440697983706286,0.440697983706286,0.440697983706286,0,0.440697983706286,1,1
-0.059305151396264,-0.059305151396264,0.059305151396264,0,-0.059305151396264,1,1
-0.0593169972057773,-0.0593169972057773,0.0593169972057773,0,-0.0593169972057773,1,1
0.440674187621479,0.440674187621479,0.440674187621479,0,0.440674187621479,1,1
-0.0592856949996817,-0.0592856949996817,0.0592856949996817,0,-0.0592856949996817,1,1
-0.0593390939060222,-0.0593390939060222,0.0593390939060222,0,-0.0593390939060222,1,1
0.440650388146797,0.440650388146797,0.440650388146797,0,0.440650388146797,1,1
-0.0593557505865067,-0.0593557505865067,0.0593557505865067,0,-0.0593557505865067,1,1
-0.0593607495846747,-0.0593607495846747,0.0593607495846747,0,-0.0593607495846747,1,1
-0.0593708497405762,-0.0593708497405762,0.0593708497405762,0,-0.0593708497405762,1,1
0.440618690164524,0.440618690164524,0.440618690164524,0,0.440618690164524,1,1
-0.0593856498844836,-0.0593856498844836,0.0593856498844836,0,-0.0593856498844836,1,1
-0.0592908511909902,-0.0592908511909902,0.0592908511909902,0,-0.0592908511909902,1,1
-0.0594038165891579,-0.0594038165891579,0.0594038165891579,0,-0.0594038165891579,1,1
-0.0594114502307859,-0.0594114502307859,0.0594114502307859,0,-0.0594114502307859,1,1
-0.0594181507059019,-0.0594181507059019,0.0594181507059019,0,-0.0594181507059019,1,1
-0.0594106957709945,-0.0594106957709945,0.0594106957709945,0,-0.0594106957709945,1,1
0.440563386792256,0.440563386792256,0.440563386792256,0,0.440563386792256,1,1
-0.0594432978496927,-0.0594432978496927,0.0594432978496927,0,-0.0594432978496927,1,1
-0.0594512061076595,-0.0594512061076595,0.0594512061076595,0,-0.0594512061076595,1,1
-0.059153884045899,-0.059153884045899,0.059153884045899,0,-0.059153884045899,1,1
-0.059352783739766,-0.059352783739766,0.059352783739766,0,-0.059352783739766,1,1
-0.0594748873492822,-0.0594748873492822,0.0594748873492822,0,-0.0594748873492822,1,1
-0.0594625509282003,-0.0594625509282003,0.0594625509282003,0,-0.0594625509282003,1,1
-0.0594885504981437,-0.0594885504981437,0.0594885504981437,0,-0.0594885504981437,1,1
-0.0594946499884596,-0.0594946499884596,0.0594946499884596,0,-0.0594946499884596,1,1
-0.0595031502848738,-0.0595031502848738,0.0595031502848738,0,-0.0595031502848738,1,1
-0.0595116511149695,-0.0595116511149695,0.0595116511149695,0,-0.0595116511149695,1,1
-0.0595004497809293,-0.0595004497809293,0.0595004497809293,0,-0.0595004497809293,1,1
-0.0595227956578561,-0.0595227956578561,0.0595227956578561,0,-0.0595227956578561,1,1
0.440460590397936,0.440460590397936,0.440460590397936,0,0.440460590397936,1,1
-0.0595467812238117,-0.0595467812238117,0.0595467812238117,0,-0.0595467812238117,1,1
-0.0595484175729598,-0.0595484175729598,0.0595484175729598,0,-0.0595484175729598,1,1
-0.0595113912534244,-0.0595113912534244,0.0595113912534244,0,-0.0595113912534244,1,1
-0.0595708024785675,-0.0595708024785675,0.0595708024785675,0,-0.0595708024785675,1,1
-0.0595772507798502,-0.0595772507798502,0.0595772507798502,0,-0.0595772507798502,1,1
0.440413189108406,0.440413189108406,0.440413189108406,0,0.440413189108406,1,1
-0.0595924506492544,-0.0595924506492544,0.0595924506492544,0,-0.0595924506492544,1,1
-0.0595999506593939,-0.0595999506593939,0.0595999506593939,0,-0.0595999506593939,1,1
-0.0596102504505955,-0.0596102504505955,0.0596102504505955,0,-0.0596102504505955,1,1
0.440381489213679,0.440381489213679,0.440381489213679,0,0.440381489213679,1,1
-0.0595818515189605,-0.0595818515189605,0.0595818515189605,0,-0.0595818515189605,1,1
-0.0595079901269989,-0.0595079901269989,0.0595079901269989,0,-0.0595079901269989,1,1
0.440357687998094,0.440357687998094,0.440357687998094,0,0.440357687998094,1,1
-0.059645051539793,-0.059645051539793,0.059645051539793,0,-0.059645051539793,1,1
-0.0596572526826395,-0.0596572526826395,0.0596572526826395,0,-0.0596572526826395,1,1
-0.0595706988552805,-0.0595706988552805,0.0595706988552805,0,-0.0595706988552805,1,1
-0.0596300511149817,-0.0596300511149817,0.0596300511149817,0,-0.0596300511149817,1,1
-0.059679649972332,-0.059679649972332,0.059679649972332,0,-0.059679649972332,1,1
-0.0596881502021279,-0.0596881502021279,0.0596881502021279,0,-0.0596881502021279,1,1
-0.0596303969101958,-0.0596303969101958,0.0596303969101958,0,-0.0596303969101958,1,1
0.440294088746972,0.440294088746972,0.440294088746972,0,0.440294088746972,1,1
-0.059670600364733,-0.059670600364733,0.059670600364733,0,-0.059670600364733,1,1
0.440278190404351,0.440278190404351,0.440278190404351,0,0.440278190404351,1,1
-0.0596030978686098,-0.0596030978686098,0.0596030978686098,0,-0.0596030978686098,1,1
-0.05956528206588,-0.05956528206588,0.05956528206588,0,-0.05956528206588,1,1
-0.0596305409837056,-0.0596305409837056,0.0596305409837056,0,-0.0596305409837056,1,1
-0.0597494505158613,-0.0597494505158613,0.0597494505158613,0,-0.0597494505158613,1,1
-0.059751149743379,-0.059751149743379,0.059751149743379,0,-0.059751149743379,1,1
-0.0597595507782342,-0.0597595507782342,0.0597595507782342,0,-0.0597595507782342,1,1
0.440222388347935,0.440222388347935,0.440222388347935,0,0.440222388347935,1,1
-0.0597667516712848,-0.0597667516712848,0.0597667516712848,0,-0.0597667516712848,1,1
-0.0597929663367117,-0.0597929663367117,0.0597929663367117,0,-0.0597929663367117,1,1
-0.0597937505659399,-0.0597937505659399,0.0597937505659399,0,-0.0597937505659399,1,1
0.440190589290347,0.440190589290347,0.440190589290347,0,0.440190589290347,1,1
-0.059790551398406,-0.059790551398406,0.059790551398406,0,-0.059790551398406,1,1
0.440174690788907,0.440174690788907,0.440174690788907,0,0.440174690788907,1,1
-0.0598268514094236,-0.0598268514094236,0.0598268514094236,0,-0.0598268514094236,1,1
-0.0598174947848141,-0.0598174947848141,0.0598174947848141,0,-0.0598174947848141,1,1
-0.0598458503619975,-0.0598458503619975,0.0598458503619975,0,-0.0598458503619975,1,1
-0.0598544954792276,-0.0598544954792276,0.0598544954792276,0,-0.0598544954792276,1,1
0.0284823532934672,0.0284823532934672,0.0284823532934672,0,0.0284823532934672,1,1
-0.0598627494129176,-0.0598627494129176,0.0598627494129176,0,-0.0598627494129176,1,1
-0.0598808125209964,-0.0598808125209964,0.0598808125209964,0,-0.0598808125209964,1,1
-0.0598806497102604,-0.0598806497102604,0.0598806497102604,0,-0.0598806497102604,1,1
-0.0598947986485616,-0.0598947986485616,0.0598947986485616,0,-0.0598947986485616,1,1
-0.0598905928903173,-0.0598905928903173,0.0598905928903173,0,-0.0598905928903173,1,1
-0.0599035043021849,-0.0599035043021849,0.0599035043021849,0,-0.0599035043021849,1,1
0.440079288991262,0.440079288991262,0.440079288991262,0,0.440079288991262,1,1
-0.0599109918282589,-0.0599109918282589,0.0599109918282589,0,-0.0599109918282589,1,1
0.440063388700107,0.440063388700107,0.440063388700107,0,0.440063388700107,1,1
-0.0599387957496259,-0.0599387957496259,0.0599387957496259,0,-0.0599387957496259,1,1
-0.0599516522788024,-0.0599516522788024,0.0599516522788024,0,-0.0599516522788024,1,1
-0.0599584498195641,-0.0599584498195641,0.0599584498195641,0,-0.0599584498195641,1,1
-0.0599414975186928,-0.0599414975186928,0.0599414975186928,0,-0.0599414975186928,1,1
0.440023590646063,0.440023590646063,0.440023590646063,0,0.440023590646063,1,1
-0.0599550069926215,-0.0599550069926215,0.0599550069926215,0,-0.0599550069926215,1,1
-0.0599686505761492,-0.0599686505761492,0.0599686505761492,0,-0.0599686505761492,1,1
0.439999789036947,0.439999789036947,0.439999789036947,0,0.439999789036947,1,1
-0.0599829504939761,-0.0599829504939761,0.0599829504939761,0,-0.0599829504939761,1,1
-0.0600054510181908,-0.0600054510181908,0.0600054510181908,0,-0.0600054510181908,1,1
-0.0600225493138988,-0.0600225493138988,0.0600225493138988,0,-0.0600225493138988,1,1
-0.0599760519441927,-0.0599760519441927,0.0599760519441927,0,-0.0599760519441927,1,1
0.439960089214131,0.439960089214131,0.439960089214131,0,0.439960089214131,1,1
-0.0600240868248395,-0.0600240868248395,0.0600240868248395,0,-0.0600240868248395,1,1
0.439944189796317,0.439944189796317,0.439944189796317,0,0.439944189796317,1,1
-0.0600549516363454,-0.0600549516363454,0.0600549516363454,0,-0.0600549516363454,1,1
-0.0599121137336959,-0.0599121137336959,0.0599121137336959,0,-0.0599121137336959,1,1
0.439920286527948,0.439920286527948,0.439920286527948,0,0.439920286527948,1,1
-0.0600829496186045,-0.0600829496186045,0.0600829496186045,0,-0.0600829496186045,1,1
0.439904388347635,0.439904388347635,0.439904388347635,0,0.439904388347635,1,1
-0.0600671502899481,-0.0600671502899481,0.0600671502899481,0,-0.0600671502899481,1,1
-0.0600355958413757,-0.0600355958413757,0.0600355958413757,0,-0.0600355958413757,1,1
-0.0601156192544819,-0.0601156192544819,0.0601156192544819,0,-0.0601156192544819,1,1
-0.0601249498435064,-0.0601249498435064,0.0601249498435064,0,-0.0601249498435064,1,1
0.439864688981749,0.439864688981749,0.439864688981749,0,0.439864688981749,1,1
-0.0600459513636602,-0.0600459513636602,0.0600459513636602,0,-0.0600459513636602,1,1
0.439848788374548,0.439848788374548,0.439848788374548,0,0.439848788374548,1,1
-0.0601566086399303,-0.0601566086399303,0.0601566086399303,0,-0.0601566086399303,1,1
-0.0601591504073813,-0.0601591504073813,0.0601591504073813,0,-0.0601591504073813,1,1
-0.0598988501643103,-0.0598988501643103,0.0598988501643103,0,-0.0598988501643103,1,1
-0.0601808499070794,-0.0601808499070794,0.0601808499070794,0,-0.0601808499070794,1,1
0.439808988886831,0.439808988886831,0.439808988886831,0,0.439808988886831,1,1
-0.0600450849138702,-0.0600450849138702,0.0600450849138702,0,-0.0600450849138702,1,1
-0.0602054083486884,-0.0602054083486884,0.0602054083486884,0,-0.0602054083486884,1,1
-0.0602112200877544,-0.0602112200877544,0.0602112200877544,0,-0.0602112200877544,1,1
-0.0602182973140981,-0.0602182973140981,0.0602182973140981,0,-0.0602182973140981,1,1
0.439769189232117,0.439769189232117,0.439769189232117,0,0.439769189232117,1,1
-0.0602383495417437,-0.0602383495417437,0.0602383495417437,0,-0.0602383495417437,1,1
0.439753290278278,0.439753290278278,0.439753290278278,0,0.439753290278278,1,1
-0.060254249927701,-0.060254249927701,0.060254249927701,0,-0.060254249927701,1,1
0.439737388851599,0.439737388851599,0.439737388851599,0,0.439737388851599,1,1
-0.0602700495487952,-0.0602700495487952,0.0602700495487952,0,-0.0602700495487952,1,1
0.439721491502152,0.439721491502152,0.439721491502152,0,0.439721491502152,1,1
-0.0600212526171862,-0.0600212526171862,0.0600212526171862,0,-0.0600212526171862,1,1
-0.0602779495916285,-0.0602779495916285,0.0602779495916285,0,-0.0602779495916285,1,1
-0.0603022981359547,-0.0603022981359547,0.0603022981359547,0,-0.0603022981359547,1,1
-0.0602828492301288,-0.0602828492301288,0.0602828492301288,0,-0.0602828492301288,1,1
0.439681587694295,0.439681587694295,0.439681587694295,0,0.439681587694295,1,1
-0.060322350912011,-0.060322350912011,0.060322350912011,0,-0.060322350912011,1,1
0.439665687869529,0.439665687869529,0.439665687869529,0,0.439665687869529,1,1
-0.0602438504168043,-0.0602438504168043,0.0602438504168043,0,-0.0602438504168043,1,1
-0.0603486534732688,-0.0603486534732688,0.0603486534732688,0,-0.0603486534732688,1,1
-0.0603580494506249,-0.0603580494506249,0.0603580494506249,0,-0.0603580494506249,1,1
-0.0602188803747689,-0.0602188803747689,0.0602188803747689,0,-0.0602188803747689,1,1
-0.0603661503796158,-0.0603661503796158,0.0603661503796158,0,-0.0603661503796158,1,1
-0.0603785503602793,-0.0603785503602793,0.0603785503602793,0,-0.0603785503602793,1,1
-0.060361193495196,-0.060361193495196,0.060361193495196,0,-0.060361193495196,1,1
0.439601890279062,0.439601890279062,0.439601890279062,0,0.439601890279062,1,1
-0.0604059509836717,-0.0604059509836717,0.0604059509836717,0,-0.0604059509836717,1,1
-0.0604086418205076,-0.0604086418205076,0.0604086418205076,0,-0.0604086418205076,1,1
-0.0604174500837428,-0.0604174500837428,0.0604174500837428,0,-0.0604174500837428,1,1
-0.0603210055517849,-0.0603210055517849,0.0603210055517849,0,-0.0603210055517849,1,1
0.439561987402771,0.439561987402771,0.439561987402771,0,0.439561987402771,1,1
-0.0604251496667173,-0.0604251496667173,0.0604251496667173,0,-0.0604251496667173,1,1
0.439546089449896,0.439546089449896,0.439546089449896,0,0.439546089449896,1,1
-0.0603583808285925,-0.0603583808285925,0.0603583808285925,0,-0.0603583808285925,1,1
-0.0604696958065771,-0.0604696958065771,0.0604696958065771,0,-0.0604696958065771,1,1
-0.0604742506920869,-0.0604742506920869,0.0604742506920869,0,-0.0604742506920869,1,1
-0.0604473513118544,-0.0604473513118544,0.0604473513118544,0,-0.0604473513118544,1,1
-0.0604905571137239,-0.0604905571137239,0.0604905571137239,0,-0.0604905571137239,1,1
-0.0604920503934425,-0.0604920503934425,0.0604920503934425,0,-0.0604920503934425,1,1
0.439490288837485,0.439490288837485,0.439490288837485,0,0.439490288837485,1,1
-0.0605126964434726,-0.0605126964434726,0.0605126964434726,0,-0.0605126964434726,1,1
-0.0605182891064589,-0.0605182891064589,0.0605182891064589,0,-0.0605182891064589,1,1
-0.0605296517431568,-0.0605296517431568,0.0605296517431568,0,-0.0605296517431568,1,1
0.439458490041113,0.439458490041113,0.439458490041113,0,0.439458490041113,1,1
-0.0605429048867498,-0.0605429048867498,0.0605429048867498,0,-0.0605429048867498,1,1
-0.0605556512309006,-0.0605556512309006,0.0605556512309006,0,-0.0605556512309006,1,1
-0.0605609510175187,-0.0605609510175187,0.0605609510175187,0,-0.0605609510175187,1,1
-0.0605711514415819,-0.0605711514415819,0.0605711514415819,0,-0.0605711514415819,1,1
-0.0604817815142506,-0.0604817815142506,0.0604817815142506,0,-0.0604817815142506,1,1
-0.0605889005671506,-0.0605889005671506,0.0605889005671506,0,-0.0605889005671506,1,1
-0.0605901511681686,-0.0605901511681686,0.0605901511681686,0,-0.0605901511681686,1,1
0.439394892208113,0.439394892208113,0.439394892208113,0,0.439394892208113,1,1
-0.0606103499408963,-0.0606103499408963,0.0606103499408963,0,-0.0606103499408963,1,1
0.43937898983378,0.43937898983378,0.43937898983378,0,0.43937898983378,1,1
-0.0605613931491443,-0.0605613931491443,0.0605613931491443,0,-0.0605613931491443,1,1
-0.0606361513993137,-0.0606361513993137,0.0606361513993137,0,-0.0606361513993137,1,1
0.439355196531881,0.439355196531881,0.439355196531881,0,0.439355196531881,1,1
-0.0606457512399093,-0.0606457512399093,0.0606457512399093,0,-0.0606457512399093,1,1
0.439339292705718,0.439339292705718,0.439339292705718,0,0.439339292705718,1,1
-0.060668213177576,-0.060668213177576,0.060668213177576,0,-0.060668213177576,1,1
-0.0606535960790614,-0.0606535960790614,0.0606535960790614,0,-0.0606535960790614,1,1
-0.0606774495273048,-0.0606774495273048,0.0606774495273048,0,-0.0606774495273048,1,1
-0.0606135514043464,-0.0606135514043464,0.0606135514043464,0,-0.0606135514043464,1,1
0.439299686633488,0.439299686633488,0.439299686633488,0,0.439299686633488,1,1
-0.060697018477907,-0.060697018477907,0.060697018477907,0,-0.060697018477907,1,1
-0.0607116094215432,-0.0607116094215432,0.0607116094215432,0,-0.0607116094215432,1,1
0.439275884451271,0.439275884451271,0.439275884451271,0,0.439275884451271,1,1
-0.0607318517180328,-0.0607318517180328,0.0607318517180328,0,-0.0607318517180328,1,1
0.439259988382696,0.439259988382696,0.439259988382696,0,0.439259988382696,1,1
-0.0607046836565056,-0.0607046836565056,0.0607046836565056,0,-0.0607046836565056,1,1
-0.0607523083764565,-0.0607523083764565,0.0607523083764565,0,-0.0607523083764565,1,1
-0.0607545513959756,-0.0607545513959756,0.0607545513959756,0,-0.0607545513959756,1,1
-0.060765648742816,-0.060765648742816,0.060765648742816,0,-0.060765648742816,1,1
-0.0607716499357868,-0.0607716499357868,0.0607716499357868,0,-0.0607716499357868,1,1
-0.0607821518110792,-0.0607821518110792,0.0607821518110792,0,-0.0607821518110792,1,1
-0.0607897428519187,-0.0607897428519187,0.0607897428519187,0,-0.0607897428519187,1,1
-0.0607888449116402,-0.0607888449116402,0.0607888449116402,0,-0.0607888449116402,1,1
-0.060800391065392,-0.060800391065392,0.060800391065392,0,-0.060800391065392,1,1
0.439180692466192,0.439180692466192,0.439180692466192,0,0.439180692466192,1,1
-0.0608236462281761,-0.0608236462281761,0.0608236462281761,0,-0.0608236462281761,1,1
-0.0608349517179214,-0.0608349517179214,0.0608349517179214,0,-0.0608349517179214,1,1
0.439156880199838,0.439156880199838,0.439156880199838,0,0.439156880199838,1,1
-0.0608493589015344,-0.0608493589015344,0.0608493589015344,0,-0.0608493589015344,1,1
-0.0608530967896331,-0.0608530967896331,0.0608530967896331,0,-0.0608530967896331,1,1
0.439133093489701,0.439133093489701,0.439133093489701,0,0.439133093489701,1,1
-0.0608663469031535,-0.0608663469031535,0.0608663469031535,0,-0.0608663469031535,1,1
-0.0608788515711788,-0.0608788515711788,0.0608788515711788,0,-0.0608788515711788,1,1
-0.0608845981449609,-0.0608845981449609,0.0608845981449609,0,-0.0608845981449609,1,1
-0.0608936122929392,-0.0608936122929392,0.0608936122929392,0,-0.0608936122929392,1,1
0.439093385007201,0.439093385007201,0.439093385007201,0,0.439093385007201,1,1
-0.0609107528331536,-0.0609107528331536,0.0609107528331536,0,-0.0609107528331536,1,1
0.439077488579325,0.439077488579325,0.439077488579325,0,0.439077488579325,1,1
-0.0609272912799885,-0.0609272912799885,0.0609272912799885,0,-0.0609272912799885,1,1
0.439061587532934,0.439061587532934,0.439061587532934,0,0.439061587532934,1,1
-0.0609411917956386,-0.0609411917956386,0.0609411917956386,0,-0.0609411917956386,1,1
-0.0609492978038418,-0.0609492978038418,0.0609492978038418,0,-0.0609492978038418,1,1
-0.0609539521030997,-0.0609539521030997,0.0609539521030997,0,-0.0609539521030997,1,1
-0.0606742491478234,-0.0606742491478234,0.0606742491478234,0,-0.0606742491478234,1,1
0.439021790988697,0.439021790988697,0.439021790988697,0,0.439021790988697,1,1
-0.0609715513867327,-0.0609715513867327,0.0609715513867327,0,-0.0609715513867327,1,1
-0.0287170028198916,-0.0287170028198916,0.0287170028198916,0,-0.0287170028198916,1,1
-0.0609969520498445,-0.0609969520498445,0.0609969520498445,0,-0.0609969520498445,1,1
-0.0610083457250865,-0.0610083457250865,0.0610083457250865,0,-0.0610083457250865,1,1
-0.0610156583216311,-0.0610156583216311,0.0610156583216311,0,-0.0610156583216311,1,1
-0.061024449742979,-0.061024449742979,0.061024449742979,0,-0.061024449742979,1,1
-0.061033514222852,-0.061033514222852,0.061033514222852,0,-0.061033514222852,1,1
-0.0606415887592497,-0.0606415887592497,0.0606415887592497,0,-0.0606415887592497,1,1
-0.061048949142386,-0.061048949142386,0.061048949142386,0,-0.061048949142386,1,1
-0.0608279491882074,-0.0608279491882074,0.0608279491882074,0,-0.0608279491882074,1,1
0.438934188268559,0.438934188268559,0.438934188268559,0,0.438934188268559,1,1
-0.0610734520498147,-0.0610734520498147,0.0610734520498147,0,-0.0610734520498147,1,1
-0.0610591499741366,-0.0610591499741366,0.0610591499741366,0,-0.0610591499741366,1,1
-0.0608743946005929,-0.0608743946005929,0.0608743946005929,0,-0.0608743946005929,1,1
-0.0610878510121788,-0.0610878510121788,0.0610878510121788,0,-0.0610878510121788,1,1
-0.061105451013209,-0.061105451013209,0.061105451013209,0,-0.061105451013209,1,1
-0.0611108954120363,-0.0611108954120363,0.0611108954120363,0,-0.0611108954120363,1,1
-0.0611170517766419,-0.0611170517766419,0.0611170517766419,0,-0.0611170517766419,1,1
-0.0611220500242289,-0.0611220500242289,0.0611220500242289,0,-0.0611220500242289,1,1
-0.0611220039334445,-0.0611220039334445,0.0611220039334445,0,-0.0611220039334445,1,1
-0.0611440501896696,-0.0611440501896696,0.0611440501896696,0,-0.0611440501896696,1,1
0.438846790098679,0.438846790098679,0.438846790098679,0,0.438846790098679,1,1
-0.0611595505913589,-0.0611595505913589,0.0611595505913589,0,-0.0611595505913589,1,1
0.438830888782411,0.438830888782411,0.438830888782411,0,0.438830888782411,1,1
-0.061171749823034,-0.061171749823034,0.061171749823034,0,-0.061171749823034,1,1
-0.0611547489706213,-0.0611547489706213,0.0611547489706213,0,-0.0611547489706213,1,1
0.438807094533689,0.438807094533689,0.438807094533689,0,0.438807094533689,1,1
-0.0611716491860847,-0.0611716491860847,0.0611716491860847,0,-0.0611716491860847,1,1
-0.0612085501493275,-0.0612085501493275,0.0612085501493275,0,-0.0612085501493275,1,1
0.438783393443166,0.438783393443166,0.438783393443166,0,0.438783393443166,1,1
-0.0612219896204198,-0.0612219896204198,0.0612219896204198,0,-0.0612219896204198,1,1
-0.0612314501871124,-0.0612314501871124,0.0612314501871124,0,-0.0612314501871124,1,1
0.43875958671949,0.43875958671949,0.43875958671949,0,0.43875958671949,1,1
-0.0612467512476799,-0.0612467512476799,0.0612467512476799,0,-0.0612467512476799,1,1
-0.0612534505925835,-0.0612534505925835,0.0612534505925835,0,-0.0612534505925835,1,1
-0.0612579052480162,-0.0612579052480162,0.0612579052480162,0,-0.0612579052480162,1,1
-0.061271983308021,-0.061271983308021,0.061271983308021,0,-0.061271983308021,1,1
-0.0612759009010245,-0.0612759009010245,0.0612759009010245,0,-0.0612759009010245,1,1
-0.0612840513548553,-0.0612840513548553,0.0612840513548553,0,-0.0612840513548553,1,1
-0.0611262901166877,-0.0611262901166877,0.0611262901166877,0,-0.0611262901166877,1,1
-0.0612830506991636,-0.0612830506991636,0.0612830506991636,0,-0.0612830506991636,1,1
-0.0612301497256325,-0.0612301497256325,0.0612301497256325,0,-0.0612301497256325,1,1
-0.061301849853405,-0.061301849853405,0.061301849853405,0,-0.061301849853405,1,1
-0.0613226511752172,-0.0613226511752172,0.0613226511752172,0,-0.0613226511752172,1,1
-0.0613326992341575,-0.0613326992341575,0.0613326992341575,0,-0.0613326992341575,1,1
-0.0613389793267049,-0.0613389793267049,0.0613389793267049,0,-0.0613389793267049,1,1
-0.0613484986799721,-0.0613484986799721,0.0613484986799721,0,-0.0613484986799721,1,1
-0.0613358496276773,-0.0613358496276773,0.0613358496276773,0,-0.0613358496276773,1,1
-0.0613530485922938,-0.0613530485922938,0.0613530485922938,0,-0.0613530485922938,1,1
-0.0613271927160754,-0.0613271927160754,0.0613271927160754,0,-0.0613271927160754,1,1
0.438617388405121,0.438617388405121,0.438617388405121,0,0.438617388405121,1,1
0.438609489177335,0.438609489177335,0.438609489177335,0,0.438609489177335,1,1
0.438601590517522,0.438601590517522,0.438601590517522,0,0.438601590517522,1,1
-0.0614002485034736,-0.0614002485034736,0.0614002485034736,0,-0.0614002485034736,1,1
-0.0614087503595606,-0.0614087503595606,0.0614087503595606,0,-0.0614087503595606,1,1
-0.0614202012353933,-0.0614202012353933,0.0614202012353933,0,-0.0614202012353933,1,1
-0.0614287491553152,-0.0614287491553152,0.0614287491553152,0,-0.0614287491553152,1,1
-0.0614375499466148,-0.0614375499466148,0.0614375499466148,0,-0.0614375499466148,1,1
-0.0614399166786916,-0.0614399166786916,0.0614399166786916,0,-0.0614399166786916,1,1
-0.0614531492137009,-0.0614531492137009,0.0614531492137009,0,-0.0614531492137009,1,1
-0.0614603508153568,-0.0614603508153568,0.0614603508153568,0,-0.0614603508153568,1,1
-0.0614620041634821,-0.0614620041634821,0.0614620041634821,0,-0.0614620041634821,1,1
-0.0611739494773595,-0.0611739494773595,0.0611739494773595,0,-0.0611739494773595,1,1
-0.0614833498136595,-0.0614833498136595,0.0614833498136595,0,-0.0614833498136595,1,1
-0.0614909503402967,-0.0614909503402967,0.0614909503402967,0,-0.0614909503402967,1,1
-0.0614906502461347,-0.0614906502461347,0.0614906502461347,0,-0.0614906502461347,1,1
-0.0614962494551984,-0.0614962494551984,0.0614962494551984,0,-0.0614962494551984,1,1
-0.0615158905643339,-0.0615158905643339,0.0615158905643339,0,-0.0615158905643339,1,1
-0.0615234494983066,-0.0615234494983066,0.0615234494983066,0,-0.0615234494983066,1,1
-0.0614884856936505,-0.0614884856936505,0.0614884856936505,0,-0.0614884856936505,1,1
-0.0612671134802538,-0.0612671134802538,0.0612671134802538,0,-0.0612671134802538,1,1
-0.0614588966716224,-0.0614588966716224,0.0614588966716224,0,-0.0614588966716224,1,1
-0.0615360038764607,-0.0615360038764607,0.0615360038764607,0,-0.0615360038764607,1,1
-0.0615636510031546,-0.0615636510031546,0.0615636510031546,0,-0.0615636510031546,1,1
-0.0615687501657576,-0.0615687501657576,0.0615687501657576,0,-0.0615687501657576,1,1
-0.0615745495847714,-0.0615745495847714,0.0615745495847714,0,-0.0615745495847714,1,1
-0.0615813496759233,-0.0615813496759233,0.0615813496759233,0,-0.0615813496759233,1,1
0.438404492975694,0.438404492975694,0.438404492975694,0,0.438404492975694,1,1
0.438396588329155,0.438396588329155,0.438396588329155,0,0.438396588329155,1,1
0.438388682623777,0.438388682623777,0.438388682623777,0,0.438388682623777,1,1
0.438380792906371,0.438380792906371,0.438380792906371,0,0.438380792906371,1,1
0.438372890782064,0.438372890782064,0.438372890782064,0,0.438372890782064,1,1
-0.0460186870104228,-0.0460186870104228,0.0460186870104228,0,-0.0460186870104228,1,1
-0.0616409039551856,-0.0616409039551856,0.0616409039551856,0,-0.0616409039551856,1,1
-0.061650602326771,-0.061650602326771,0.061650602326771,0,-0.061650602326771,1,1
-0.0616584503671285,-0.0616584503671285,0.0616584503671285,0,-0.0616584503671285,1,1
-0.0616662179527434,-0.0616662179527434,0.0616662179527434,0,-0.0616662179527434,1,1
-0.0616738512678963,-0.0616738512678963,0.0616738512678963,0,-0.0616738512678963,1,1
-0.0616739506796368,-0.0616739506796368,0.0616739506796368,0,-0.0616739506796368,1,1
-0.0616831853664944,-0.0616831853664944,0.0616831853664944,0,-0.0616831853664944,1,1
-0.0616879973745024,-0.0616879973745024,0.0616879973745024,0,-0.0616879973745024,1,1
0.438293991074789,0.438293991074789,0.438293991074789,0,0.438293991074789,1,1
-0.0617123966920803,-0.0617123966920803,0.0617123966920803,0,-0.0617123966920803,1,1
-0.0617192504290572,-0.0617192504290572,0.0617192504290572,0,-0.0617192504290572,1,1
-0.0617239506642046,-0.0617239506642046,0.0617239506642046,0,-0.0617239506642046,1,1
-0.061723749792029,-0.061723749792029,0.061723749792029,0,-0.061723749792029,1,1
-0.0616661048476934,-0.0616661048476934,0.0616661048476934,0,-0.0616661048476934,1,1
-0.0617498053444518,-0.0617498053444518,0.0617498053444518,0,-0.0617498053444518,1,1
-0.0617489523417686,-0.0617489523417686,0.0617489523417686,0,-0.0617489523417686,1,1
-0.0616652509365974,-0.0616652509365974,0.0616652509365974,0,-0.0616652509365974,1,1
-0.0616403918278201,-0.0616403918278201,0.0616403918278201,0,-0.0616403918278201,1,1
-0.0617490502859676,-0.0617490502859676,0.0617490502859676,0,-0.0617490502859676,1,1
0.438207190455027,0.438207190455027,0.438207190455027,0,0.438207190455027,1,1
0.43819928765025,0.43819928765025,0.43819928765025,0,0.43819928765025,1,1
0.438191490935197,0.438191490935197,0.438191490935197,0,0.438191490935197,1,1
-0.0618023513668235,-0.0618023513668235,0.0618023513668235,0,-0.0618023513668235,1,1
-0.0618232058334755,-0.0618232058334755,0.0618232058334755,0,-0.0618232058334755,1,1
-0.0618294499789784,-0.0618294499789784,0.0618294499789784,0,-0.0618294499789784,1,1
-0.0618277494706851,-0.0618277494706851,0.0618277494706851,0,-0.0618277494706851,1,1
-0.0617920855730853,-0.0617920855730853,0.0617920855730853,0,-0.0617920855730853,1,1
-0.0618539462113782,-0.0618539462113782,0.0618539462113782,0,-0.0618539462113782,1,1
-0.0617973907813024,-0.0617973907813024,0.0617973907813024,0,-0.0617973907813024,1,1
-0.0618693495634565,-0.0618693495634565,0.0618693495634565,0,-0.0618693495634565,1,1
-0.0617365503787001,-0.0617365503787001,0.0617365503787001,0,-0.0617365503787001,1,1
-0.0615750867834751,-0.0615750867834751,0.0615750867834751,0,-0.0615750867834751,1,1
-0.0618923114966075,-0.0618923114966075,0.0618923114966075,0,-0.0618923114966075,1,1
-0.0618059518839407,-0.0618059518839407,0.0618059518839407,0,-0.0618059518839407,1,1
-0.0618879008966924,-0.0618879008966924,0.0618879008966924,0,-0.0618879008966924,1,1
0.438080988822692,0.438080988822692,0.438080988822692,0,0.438080988822692,1,1
-0.0619162519810558,-0.0619162519810558,0.0619162519810558,0,-0.0619162519810558,1,1
-0.061920551277117,-0.061920551277117,0.061920551277117,0,-0.061920551277117,1,1
-0.0618196839251798,-0.0618196839251798,0.0618196839251798,0,-0.0618196839251798,1,1
-0.0619091494562223,-0.0619091494562223,0.0619091494562223,0,-0.0619091494562223,1,1
-0.061954650635538,-0.061954650635538,0.061954650635538,0,-0.061954650635538,1,1
-0.0618852848146774,-0.0618852848146774,0.0618852848146774,0,-0.0618852848146774,1,1
-0.0619730500213461,-0.0619730500213461,0.0619730500213461,0,-0.0619730500213461,1,1
-0.0619818001161572,-0.0619818001161572,0.0619818001161572,0,-0.0619818001161572,1,1
-0.0619890018878796,-0.0619890018878796,0.0619890018878796,0,-0.0619890018878796,1,1
-0.0619893506642503,-0.0619893506642503,0.0619893506642503,0,-0.0619893506642503,1,1
-0.0619927025658155,-0.0619927025658155,0.0619927025658155,0,-0.0619927025658155,1,1
0.437986287104881,0.437986287104881,0.437986287104881,0,0.437986287104881,1,1
-0.0620178505814254,-0.0620178505814254,0.0620178505814254,0,-0.0620178505814254,1,1
-0.062022449421502,-0.062022449421502,0.062022449421502,0,-0.062022449421502,1,1
-0.0620347496519311,-0.0620347496519311,0.0620347496519311,0,-0.0620347496519311,1,1
-0.062043350215199,-0.062043350215199,0.062043350215199,0,-0.062043350215199,1,1
-0.062051400746539,-0.062051400746539,0.062051400746539,0,-0.062051400746539,1,1
-0.0620601515410343,-0.0620601515410343,0.0620601515410343,0,-0.0620601515410343,1,1
0.437930988055877,0.437930988055877,0.437930988055877,0,0.437930988055877,1,1
0.437923087573612,0.437923087573612,0.437923087573612,0,0.437923087573612,1,1
-0.0620733501500931,-0.0620733501500931,0.0620733501500931,0,-0.0620733501500931,1,1
-0.0615878504082443,-0.0615878504082443,0.0615878504082443,0,-0.0615878504082443,1,1
-0.0620967504205021,-0.0620967504205021,0.0620967504205021,0,-0.0620967504205021,1,1
0.437891491520316,0.437891491520316,0.437891491520316,0,0.437891491520316,1,1
-0.0621130111809071,-0.0621130111809071,0.0621130111809071,0,-0.0621130111809071,1,1
-0.0621237974462003,-0.0621237974462003,0.0621237974462003,0,-0.0621237974462003,1,1
-0.062052675641354,-0.062052675641354,0.062052675641354,0,-0.062052675641354,1,1
-0.0621296499927346,-0.0621296499927346,0.0621296499927346,0,-0.0621296499927346,1,1
-0.0621322503449864,-0.0621322503449864,0.0621322503449864,0,-0.0621322503449864,1,1
-0.0621510498954241,-0.0621510498954241,0.0621510498954241,0,-0.0621510498954241,1,1
-0.062163450480952,-0.062163450480952,0.062163450480952,0,-0.062163450480952,1,1
-0.0621704510843528,-0.0621704510843528,0.0621704510843528,0,-0.0621704510843528,1,1
-0.0621793495532478,-0.0621793495532478,0.0621793495532478,0,-0.0621793495532478,1,1
-0.0621824091798125,-0.0621824091798125,0.0621824091798125,0,-0.0621824091798125,1,1
0.437804391832412,0.437804391832412,0.437804391832412,0,0.437804391832412,1,1
-0.0620702070720673,-0.0620702070720673,0.0620702070720673,0,-0.0620702070720673,1,1
-0.0622042060233038,-0.0622042060233038,0.0622042060233038,0,-0.0622042060233038,1,1
-0.0622178508647495,-0.0622178508647495,0.0622178508647495,0,-0.0622178508647495,1,1
0.437772790603393,0.437772790603393,0.437772790603393,0,0.437772790603393,1,1
-0.0622345505480723,-0.0622345505480723,0.0622345505480723,0,-0.0622345505480723,1,1
-0.0622381495186953,-0.0622381495186953,0.0622381495186953,0,-0.0622381495186953,1,1
-0.0622502502693512,-0.0622502502693512,0.0622502502693512,0,-0.0622502502693512,1,1
0.437741088867005,0.437741088867005,0.437741088867005,0,0.437741088867005,1,1
-0.0622638159106195,-0.0622638159106195,0.0622638159106195,0,-0.0622638159106195,1,1
-0.0622732498161562,-0.0622732498161562,0.0622732498161562,0,-0.0622732498161562,1,1
-0.0622807509475409,-0.0622807509475409,0.0622807509475409,0,-0.0622807509475409,1,1
0.437709490922616,0.437709490922616,0.437709490922616,0,0.437709490922616,1,1
-0.0622806993631552,-0.0622806993631552,0.0622806993631552,0,-0.0622806993631552,1,1
-0.0621525477605915,-0.0621525477605915,0.0621525477605915,0,-0.0621525477605915,1,1
0.437685789893384,0.437685789893384,0.437685789893384,0,0.437685789893384,1,1
-0.0622559890171031,-0.0622559890171031,0.0622559890171031,0,-0.0622559890171031,1,1
-0.062327001358708,-0.062327001358708,0.062327001358708,0,-0.062327001358708,1,1
0.437661992672604,0.437661992672604,0.437661992672604,0,0.437661992672604,1,1
-0.062344960684219,-0.062344960684219,0.062344960684219,0,-0.062344960684219,1,1
-0.0623407050803845,-0.0623407050803845,0.0623407050803845,0,-0.0623407050803845,1,1
0.437638287599248,0.437638287599248,0.437638287599248,0,0.437638287599248,1,1
-0.0623681511679806,-0.0623681511679806,0.0623681511679806,0,-0.0623681511679806,1,1
-0.0623766510312148,-0.0623766510312148,0.0623766510312148,0,-0.0623766510312148,1,1
-0.0623720502864821,-0.0623720502864821,0.0623720502864821,0,-0.0623720502864821,1,1
-0.0623925505024576,-0.0623925505024576,0.0623925505024576,0,-0.0623925505024576,1,1
-0.0622381941050248,-0.0622381941050248,0.0622381941050248,0,-0.0622381941050248,1,1
-0.0622930955681749,-0.0622930955681749,0.0622930955681749,0,-0.0622930955681749,1,1
0.437582888740243,0.437582888740243,0.437582888740243,0,0.437582888740243,1,1
-0.0624242475330647,-0.0624242475330647,0.0624242475330647,0,-0.0624242475330647,1,1
-0.0624282975967937,-0.0624282975967937,0.0624282975967937,0,-0.0624282975967937,1,1
0.437559189701089,0.437559189701089,0.437559189701089,0,0.437559189701089,1,1
-0.0622860906953948,-0.0622860906953948,0.0622860906953948,0,-0.0622860906953948,1,1
-0.0624564503474759,-0.0624564503474759,0.0624564503474759,0,-0.0624564503474759,1,1
0.437535389083692,0.437535389083692,0.437535389083692,0,0.437535389083692,1,1
-0.0623714897183062,-0.0623714897183062,0.0623714897183062,0,-0.0623714897183062,1,1
-0.0624792502456931,-0.0624792502456931,0.0624792502456931,0,-0.0624792502456931,1,1
0.437511687961368,0.437511687961368,0.437511687961368,0,0.437511687961368,1,1
-0.062456090837613,-0.062456090837613,0.062456090837613,0,-0.062456090837613,1,1
-0.0625033043045223,-0.0625033043045223,0.0625033043045223,0,-0.0625033043045223,1,1
-0.062497993685231,-0.062497993685231,0.062497993685231,0,-0.062497993685231,1,1
-0.0625155501582685,-0.0625155501582685,0.0625155501582685,0,-0.0625155501582685,1,1
-0.0623965003761588,-0.0623965003761588,0.0623965003761588,0,-0.0623965003761588,1,1
-0.0625294510858118,-0.0625294510858118,0.0625294510858118,0,-0.0625294510858118,1,1
-0.0625417497268881,-0.0625417497268881,0.0625417497268881,0,-0.0625417497268881,1,1
0.437448393272804,0.437448393272804,0.437448393272804,0,0.437448393272804,1,1
-0.0625584504558342,-0.0625584504558342,0.0625584504558342,0,-0.0625584504558342,1,1
-0.0625598513102318,-0.0625598513102318,0.0625598513102318,0,-0.0625598513102318,1,1
-0.0625750521011648,-0.0625750521011648,0.0625750521011648,0,-0.0625750521011648,1,1
-0.0625705027836889,-0.0625705027836889,0.0625705027836889,0,-0.0625705027836889,1,1
-0.0625840513289094,-0.0625840513289094,0.0625840513289094,0,-0.0625840513289094,1,1
0.437400994787787,0.437400994787787,0.437400994787787,0,0.437400994787787,1,1
-0.0625913492429546,-0.0625913492429546,0.0625913492429546,0,-0.0625913492429546,1,1
-0.0626114537601933,-0.0626114537601933,0.0626114537601933,0,-0.0626114537601933,1,1
-0.0626179010027598,-0.0626179010027598,0.0626179010027598,0,-0.0626179010027598,1,1
-0.0626257498805971,-0.0626257498805971,0.0626257498805971,0,-0.0626257498805971,1,1
0.437361485813643,0.437361485813643,0.437361485813643,0,0.437361485813643,1,1
-0.0626345930649745,-0.0626345930649745,0.0626345930649745,0,-0.0626345930649745,1,1
-0.062651304490484,-0.062651304490484,0.062651304490484,0,-0.062651304490484,1,1
-0.0626591501817314,-0.0626591501817314,0.0626591501817314,0,-0.0626591501817314,1,1
-0.0626656494846842,-0.0626656494846842,0.0626656494846842,0,-0.0626656494846842,1,1
-0.0626496097224342,-0.0626496097224342,0.0626496097224342,0,-0.0626496097224342,1,1
-0.0626856512539672,-0.0626856512539672,0.0626856512539672,0,-0.0626856512539672,1,1
-0.062685151217075,-0.062685151217075,0.062685151217075,0,-0.062685151217075,1,1
-0.0627014499865652,-0.0627014499865652,0.0627014499865652,0,-0.0627014499865652,1,1
-0.0627085508988332,-0.0627085508988332,0.0627085508988332,0,-0.0627085508988332,1,1
-0.0627105503987861,-0.0627105503987861,0.0627105503987861,0,-0.0627105503987861,1,1
-0.06243714977627,-0.06243714977627,0.06243714977627,0,-0.06243714977627,1,1
-0.0627267986810978,-0.0627267986810978,0.0627267986810978,0,-0.0627267986810978,1,1
-0.0627338882425218,-0.0627338882425218,0.0627338882425218,0,-0.0627338882425218,1,1
-0.0627356045086483,-0.0627356045086483,0.0627356045086483,0,-0.0627356045086483,1,1
0.437243089851672,0.437243089851672,0.437243089851672,0,0.437243089851672,1,1
0.437235189072859,0.437235189072859,0.437235189072859,0,0.437235189072859,1,1
0.437227287881192,0.437227287881192,0.437227287881192,0,0.437227287881192,1,1
0.437219387371001,0.437219387371001,0.437219387371001,0,0.437219387371001,1,1
0.437211489761389,0.437211489761389,0.437211489761389,0,0.437211489761389,1,1
0.43720358747381,0.43720358747381,0.43720358747381,0,0.43720358747381,1,1
0.437195688034111,0.437195688034111,0.437195688034111,0,0.437195688034111,1,1
-0.062806052520076,-0.062806052520076,0.062806052520076,0,-0.062806052520076,1,1
-0.0628057506842067,-0.0628057506842067,0.0628057506842067,0,-0.0628057506842067,1,1
-0.0628241514826887,-0.0628241514826887,0.0628241514826887,0,-0.0628241514826887,1,1
-0.0628282492187575,-0.0628282492187575,0.0628282492187575,0,-0.0628282492187575,1,1
-0.0628368962838949,-0.0628368962838949,0.0628368962838949,0,-0.0628368962838949,1,1
-0.0628442928998287,-0.0628442928998287,0.0628442928998287,0,-0.0628442928998287,1,1
-0.0628554508544021,-0.0628554508544021,0.0628554508544021,0,-0.0628554508544021,1,1
-0.0628651986810767,-0.0628651986810767,0.0628651986810767,0,-0.0628651986810767,1,1
-0.0627536805122495,-0.0627536805122495,0.0627536805122495,0,-0.0627536805122495,1,1
0.437116788213064,0.437116788213064,0.437116788213064,0,0.437116788213064,1,1
0.437108888774148,0.437108888774148,0.437108888774148,0,0.437108888774148,1,1
-0.0628872121007079,-0.0628872121007079,0.0628872121007079,0,-0.0628872121007079,1,1
-0.0628944505255501,-0.0628944505255501,0.0628944505255501,0,-0.0628944505255501,1,1
-0.0629064502723852,-0.0629064502723852,0.0629064502723852,0,-0.0629064502723852,1,1
-0.0627511118558678,-0.0627511118558678,0.0627511118558678,0,-0.0627511118558678,1,1
-0.062909095194527,-0.062909095194527,0.062909095194527,0,-0.062909095194527,1,1
0.437061485531695,0.437061485531695,0.437061485531695,0,0.437061485531695,1,1
-0.0629364478048356,-0.0629364478048356,0.0629364478048356,0,-0.0629364478048356,1,1
-0.0629273861880916,-0.0629273861880916,0.0629273861880916,0,-0.0629273861880916,1,1
-0.0627827794029099,-0.0627827794029099,0.0627827794029099,0,-0.0627827794029099,1,1
-0.0629620024307238,-0.0629620024307238,0.0629620024307238,0,-0.0629620024307238,1,1
0.43702188497179,0.43702188497179,0.43702188497179,0,0.43702188497179,1,1
-0.0629763507893502,-0.0629763507893502,0.0629763507893502,0,-0.0629763507893502,1,1
-0.0629827499886114,-0.0629827499886114,0.0629827499886114,0,-0.0629827499886114,1,1
0.43699808919478,0.43699808919478,0.43699808919478,0,0.43699808919478,1,1
-0.0629983505883256,-0.0629983505883256,0.0629983505883256,0,-0.0629983505883256,1,1
-0.0629642932417863,-0.0629642932417863,0.0629642932417863,0,-0.0629642932417863,1,1
0.436974385514615,0.436974385514615,0.436974385514615,0,0.436974385514615,1,1
-0.0626463498077545,-0.0626463498077545,0.0626463498077545,0,-0.0626463498077545,1,1
-0.063037450463825,-0.063037450463825,0.063037450463825,0,-0.063037450463825,1,1
-0.0630452512481046,-0.0630452512481046,0.0630452512481046,0,-0.0630452512481046,1,1
-0.0629642049121558,-0.0629642049121558,0.0629642049121558,0,-0.0629642049121558,1,1
-0.0630603503205799,-0.0630603503205799,0.0630603503205799,0,-0.0630603503205799,1,1
-0.0630717501461885,-0.0630717501461885,0.0630717501461885,0,-0.0630717501461885,1,1
0.436918888364597,0.436918888364597,0.436918888364597,0,0.436918888364597,1,1
-0.0630855500277974,-0.0630855500277974,0.0630855500277974,0,-0.0630855500277974,1,1
0.436902991040337,0.436902991040337,0.436902991040337,0,0.436902991040337,1,1
-0.0631034919219565,-0.0631034919219565,0.0631034919219565,0,-0.0631034919219565,1,1
0.436887087599267,0.436887087599267,0.436887087599267,0,0.436887087599267,1,1
-0.0631203109276444,-0.0631203109276444,0.0631203109276444,0,-0.0631203109276444,1,1
-0.0631269496476596,-0.0631269496476596,0.0631269496476596,0,-0.0631269496476596,1,1
-0.0628138086020476,-0.0628138086020476,0.0628138086020476,0,-0.0628138086020476,1,1
-0.0631322507290423,-0.0631322507290423,0.0631322507290423,0,-0.0631322507290423,1,1
-0.063005994196046,-0.063005994196046,0.063005994196046,0,-0.063005994196046,1,1
0.436839489084132,0.436839489084132,0.436839489084132,0,0.436839489084132,1,1
-0.063085151433039,-0.063085151433039,0.063085151433039,0,-0.063085151433039,1,1
0.43682358868333,0.43682358868333,0.43682358868333,0,0.43682358868333,1,1
-0.0631466885364453,-0.0631466885364453,0.0631466885364453,0,-0.0631466885364453,1,1
-0.0631260080443102,-0.0631260080443102,0.0631260080443102,0,-0.0631260080443102,1,1
-0.0630657989773864,-0.0630657989773864,0.0630657989773864,0,-0.0630657989773864,1,1
-0.0631295987357759,-0.0631295987357759,0.0631295987357759,0,-0.0631295987357759,1,1
0.436783922990713,0.436783922990713,0.436783922990713,0,0.436783922990713,1,1
-0.063214949919168,-0.063214949919168,0.063214949919168,0,-0.063214949919168,1,1
0.436768088647782,0.436768088647782,0.436768088647782,0,0.436768088647782,1,1
-0.0629835080694126,-0.0629835080694126,0.0629835080694126,0,-0.0629835080694126,1,1
0.436752188277103,0.436752188277103,0.436752188277103,0,0.436752188277103,1,1
-0.0632525503992143,-0.0632525503992143,0.0632525503992143,0,-0.0632525503992143,1,1
-0.0632632916410148,-0.0632632916410148,0.0632632916410148,0,-0.0632632916410148,1,1
-0.063226190724157,-0.063226190724157,0.063226190724157,0,-0.063226190724157,1,1
0.436720388289778,0.436720388289778,0.436720388289778,0,0.436720388289778,1,1
-0.063171489043463,-0.063171489043463,0.063171489043463,0,-0.063171489043463,1,1
-0.0632893569461381,-0.0632893569461381,0.0632893569461381,0,-0.0632893569461381,1,1
-0.0632952521757403,-0.0632952521757403,0.0632952521757403,0,-0.0632952521757403,1,1
0.43668868522824,0.43668868522824,0.43668868522824,0,0.43668868522824,1,1
-0.0632895499168561,-0.0632895499168561,0.0632895499168561,0,-0.0632895499168561,1,1
-0.063319050295197,-0.063319050295197,0.063319050295197,0,-0.063319050295197,1,1
0.436664887085077,0.436664887085077,0.436664887085077,0,0.436664887085077,1,1
-0.0633420510375572,-0.0633420510375572,0.0633420510375572,0,-0.0633420510375572,1,1
-0.0631066486173076,-0.0631066486173076,0.0631066486173076,0,-0.0631066486173076,1,1
-0.0633318497179715,-0.0633318497179715,0.0633318497179715,0,-0.0633318497179715,1,1
-0.063341350708863,-0.063341350708863,0.063341350708863,0,-0.063341350708863,1,1
-0.063372749645784,-0.063372749645784,0.063372749645784,0,-0.063372749645784,1,1
0.436617288793756,0.436617288793756,0.436617288793756,0,0.436617288793756,1,1
-0.063386299673662,-0.063386299673662,0.063386299673662,0,-0.063386299673662,1,1
-0.0633858830007064,-0.0633858830007064,0.0633858830007064,0,-0.0633858830007064,1,1
-0.0632902957210804,-0.0632902957210804,0.0632902957210804,0,-0.0632902957210804,1,1
-0.063405901880946,-0.063405901880946,0.063405901880946,0,-0.063405901880946,1,1
-0.0634215089201809,-0.0634215089201809,0.0634215089201809,0,-0.0634215089201809,1,1
-0.0633828900222426,-0.0633828900222426,0.0633828900222426,0,-0.0633828900222426,1,1
0.436561787886361,0.436561787886361,0.436561787886361,0,0.436561787886361,1,1
-0.0633219511336474,-0.0633219511336474,0.0633219511336474,0,-0.0633219511336474,1,1
-0.0634014096646179,-0.0634014096646179,0.0634014096646179,0,-0.0634014096646179,1,1
-0.0634188503479633,-0.0634188503479633,0.0634188503479633,0,-0.0634188503479633,1,1
-0.0634655992133177,-0.0634655992133177,0.0634655992133177,0,-0.0634655992133177,1,1
-0.0634677483603288,-0.0634677483603288,0.0634677483603288,0,-0.0634677483603288,1,1
-0.0634549978584792,-0.0634549978584792,0.0634549978584792,0,-0.0634549978584792,1,1
-0.0634826508592028,-0.0634826508592028,0.0634826508592028,0,-0.0634826508592028,1,1
-0.0634389508235161,-0.0634389508235161,0.0634389508235161,0,-0.0634389508235161,1,1
0.436490188148884,0.436490188148884,0.436490188148884,0,0.436490188148884,1,1
-0.0635172947893903,-0.0635172947893903,0.0635172947893903,0,-0.0635172947893903,1,1
-0.0635252492803386,-0.0635252492803386,0.0635252492803386,0,-0.0635252492803386,1,1
-0.0635286504025266,-0.0635286504025266,0.0635286504025266,0,-0.0635286504025266,1,1
-0.0635357499964473,-0.0635357499964473,0.0635357499964473,0,-0.0635357499964473,1,1
-0.0635164832593062,-0.0635164832593062,0.0635164832593062,0,-0.0635164832593062,1,1
0.436442589592214,0.436442589592214,0.436442589592214,0,0.436442589592214,1,1
-0.0635486514667067,-0.0635486514667067,0.0635486514667067,0,-0.0635486514667067,1,1
-0.0635063997137484,-0.0635063997137484,0.0635063997137484,0,-0.0635063997137484,1,1
